password,label
acufi,0
11350,0
FuPQ*LG9aoKFj2,2
8OrHLI^l3orm@,2
ABBBb#t3l!w,2
ocdadw,0
Mpboflvc0,1
Yxhmks8,1
Aejrcbsk4,1
dFDE1m$u29,2
admin70,0
5994,0
P&Fg3o1*JjY,2
letmein1,0
Ymonwfmm0,1
password22,0
Yogbyjs1,1
IKo4PHhA4%a@,2
Hkftyni3,1
Sdpuomsw8,1
Kcqusox9,1
tqxgnwm,0
in1Y6vb&#jxG^p,2
letmein20,0
Ajymmeum4,1
#dRCa8IH8xE,2
eqwlsa,0
n9Ph#Qx#uC,2
iquxskn,0
Frqfmqi3,1
oorhsb,0
N@dz4NWEL&Wa,2
Rjxaqlx6,1
196352,0
9678,0
4GMc&y8w6KnU,2
DWKxsCaZ6^fi,2
41Xg!IMb32r4,2
L4%rAMJkecnMc,2
c8lLP&EsyB44W,2
a73CVjC!zshYj,2
Xcmrib7,1
Iadnkm7,1
Ldxsxwlx6,1
Weyig7,1
^E@dp1DwXH,2
KKq*0smb!#,2
Ejvtr3,1
WQNXTYau1#dY%&,2
Qvdsk2,1
*6IAHI9kFS@*%e,2
q4YjUq6q!#^,2
18270,0
$mF5H9T#n0rf*,2
uVl*VakHS7j,2
6241,0
Dobqtgpx5,1
NvFsyZT$o0@^3,2
lkpvjf,0
enyqf,0
Fqxiw3,1
Fqmrm2,1
Awyvldys9,1
du6W9t*9EsC,2
kEySty1@@4nPUw,2
13nPd8KGW&49y,2
qwerty67,0
Noqzdjh2,1
aIw$MT3M!It,2
809723,0
qwerty6,0
Nxcitvb2,1
admin79,0
Bydwlka4,1
&yVuW9JHg*YB,2
8022,0
tF&2Rqq^seT^X,2
vwwgd,0
Wtvsrjyo0,1
letmein57,0
wt72C@!#zI0KA,2
Bbloi4,1
alnd,0
9408,0
Ecjgjadp9,1
K4aQM*nD*bz7,2
50$YwRbDSdXHu1,2
2mY!k65&lX,2
K7r$D08^2lA,2
Fdmiv1,1
qwerty58,0
Owmor0,1
Mlrrnt4,1
Pxyjjr5,1
uzbxhvg,0
Tsikuf1,1
Yk&GwVK3kLSN10,2
Kesjthlf9,1
qwerty43,0
Rvoerlfr3,1
96!Y8ZZNfdw,2
letmein67,0
Yxvby9,1
Futycmur2,1
lcFEo&1kv5S,2
3^!aFVv9SCi,2
Ccjfps6,1
Brgwp2,1
654553,0
Tfuzvnli3,1
67ezSoF*JDKlO8,2
7NxXS!9JDk,2
Ij$oZAY2po,2
Ndetl3,1
0NLumRHZR0$k,2
Ilqghf5,1
%q$B1*G4hczMf,2
Kvxpsmz3,1
Jskrfui1,1
c23duKVq^AFSwT,2
Ayfayya4,1
!Um$**mvU2OBD,2
Hovzr9,1
Nsdhm7,1
Mntjitff6,1
password69,0
Biljd3,1
KjR^!01XjbtHh,2
admin47,0
kjpj,0
Jkfovgsa4,1
42987,0
welcome98,0
kvwtey,0
&Dfgn3VBHxuaa,2
XN8R842q%%r,2
9969,0
Bbbvr5,1
h*@aoWcS%O#0K3,2
42$&28F*sx8%2,2
4p!1V@@bl!x,2
M2vc72uyYa#QA6,2
9558,0
Qedbpmj2,1
Q@pd92sTIr,2
Xyjttbwn6,1
qthpoyq,0
Y4s#OXEZ1h,2
knbkb,0
qwerty54,0
letmein93,0
password94,0
l2tN3fOZc%,2
welcome35,0
Qxenhl7,1
Rmktyj9,1
49W$n$MXpH*#II,2
4^u^qK@RD08,2
6$fB6oMV*F6y,2
Zwcmfgv7,1
5%AjqHAXyK3OBA,2
Gavsttk1,1
qwerty46,0
Npdxpa7,1
zpzg$10Z#x^G,2
Khcgj7,1
Cykruje2,1
E3O&p7qb&%,2
slplecs,0
406481,0
536223,0
16323,0
admin58,0
Iftpyltq6,1
36435,0
Kknhzjtj2,1
WViP18kSl!,2
4887,0
Aqeczxh9,1
vdbx,0
3rODrp!*1UH^,2
Qcdte9,1
jurUCeK7e4&9i,2
YO^ed1dUy&IE,2
sexeloh,0
983252,0
Qoefr9,1
kzsk,0
Ekzcrmj4,1
E&HBF8&uB!#,2
Gadic9,1
w%rA$@A6T0c,2
vkzhrl,0
#K14Q6JiK8o,2
cE4OLoblD4N#,2
f@73Ju#P$v,2
@6lJ$Igxrw,2
abyqha,0
RfgDbC&vtZ7$tj,2
Qjskypiy2,1
Esxjsu7,1
Ohbktjkr8,1
&DKUZ8EA^mAOvB,2
fAa#dP60&WP#,2
admin8,0
!L2v@vdGyz,2
ohsu,0
Wrekwc0,1
M7R#QBM$vqL,2
Fqbvajr6,1
Imtra4,1
^EHdW93pVm^R,2
bcxd,0
qnehxuj,0
Bvnemaee2,1
ggBN&wUohzVGS8,2
GOgX4$Ry*Z#*,2
889610,0
Jtxmshdl5,1
Ppgbxtwl2,1
303495,0
rKtD$$4DG62s,2
Ennwq0,1
Gcexjvq6,1
V5x@Q!bPBj32@N,2
X^VCxmJuff5j*F,2
74201,0
lgvliz,0
eYi*wfieN^b0,2
ZNtoPG9D5*Hg,2
Gpteikjg5,1
Sonjn3,1
8455,0
welcome30,0
Idgnvit7,1
YDnx3&MUSK9,2
xYPb$9tn!G5c,2
Wwtxclf0,1
letmein36,0
*KZO46jwbt,2
UfaLJ7^ujz,2
@5@4TRcQhL,2
mwjgj,0
admin22,0
Lgtwkt0,1
273066,0
c6KF$jcQMi,2
qzgpkts,0
Elhndck0,1
whukc,0
eo2NJD9@RCh^t7,2
uA1VGu3vBNla%v,2
CR#!f7K$D&6cWa,2
Eedjr6,1
IWpAmO#!5RQsgB,2
zgbefqy,0
EAgS9M1y3H*im7,2
kyshf,0
Mbedtli4,1
6897,0
4704,0
Duumww2,1
cshzxke,0
Esghmn0,1
Ml64z@Q1Ix7Y,2
6UL7HJEImi^P,2
letmein76,0
Hpnytr5,1
qvzcc,0
Sddaxvs9,1
qwerty82,0
Meuaahb7,1
qXi2#GfC7$W&,2
8wDT^7%jiER,2
Icbtotqn1,1
lmr1ZXxg8O9NS*,2
zqles,0
ywth,0
XGM&n1kXeAf,2
welcome19,0
zCLEDX0MQd^^,2
Wylpcgzo2,1
bhvwuvd,0
qwerty46,0
&wUC9M8T!^,2
password98,0
lccmc,0
Byzqsye0,1
*tPGZiRCZq%#Q1,2
ymna,0
admin41,0
9H9J@%Ai!c,2
icwjq,0
69G*3oe$3LFcQ,2
Fkl1Nc8*fDUg!,2
4279,0
R1&@6D2Hnp%,2
440211,0
Yuhqshlw3,1
!YTI#6wTzt$,2
Txiazw4,1
dnnm,0
SP$Fa3Zu%I,2
Tmrut3,1
qwerty3,0
Urzjemm0,1
password9,0
i5D*wT2D@7zdIT,2
26081,0
ewVCSpQ#$Tz0f,2
evkfkl,0
XCga2w2r3@,2
8Wg*i8uw!c8p@X,2
Rpsaykyy9,1
t7XWbQ%k&kx!1B,2
2$p$lhNEdJtd,2
^A9O0vTunA,2
34914,0
Fkznekh2,1
welcome65,0
password18,0
mK%676mkaN,2
Xeojwt9,1
Vjbkhanw4,1
2oh5Yi5fj*,2
&JkkBZ@A6Iw3LW,2
OOII7%ymZd2,2
Dyipoyj0,1
mepxuyl,0
81873,0
password47,0
admin15,0
letmein95,0
Wistx0,1
v@qmLYPkwb02,2
Fmzct6,1
Vokhrrae5,1
arelfs,0
letmein24,0
8208,0
446440,0
qwerty90,0
Ruhcde5,1
14141,0
Hlcev0,1
Mneogiv5,1
2nsJ68!PEH@,2
nom4ylWnBFD&31,2
Rtapm5,1
Bijtst6,1
Hlaphqf2,1
admin96,0
Henxis1,1
^Lt3uXyuCwEVW,2
St0pv!4D4t,2
uzuh,0
Lwdua2,1
baqvmd,0
Tkxey5,1
68503,0
Osjspsc6,1
yvjvn,0
yA$n@a7p5SZ,2
cUjMyA69!3,2
Lzerjna2,1
admin58,0
000443,0
letmein33,0
epp2&QHDQC3pvp,2
tfiqxo,0
Yxpwtvex8,1
lhcm,0
^gTcE2ydg^,2
*61tAqd@D9*jW,2
letmein18,0
dfhxnso,0
Hvzny5,1
0383,0
sdyswt,0
letmein6,0
ycns,0
Lboke0,1
Tufjwh0,1
9736,0
AW1a38p!BGI&fe,2
wrrkpk,0
Kslcjrq6,1
Rlvij7,1
52412,0
42728,0
4%v^kVNL2!,2
password31,0
15KGCT%EjBc,2
^xodauP3t&tl9,2
cOu#tcJI4XWgv@,2
brWXx56@M#xQdG,2
!fU4oP2tc%neC,2
Ssbsm8,1
password66,0
!p5GsEe9qBy,2
utivdw,0
dl1YO%*qRa,2
74932,0
letmein47,0
ryr4k^6Nn5i&FV,2
27042,0
gfzr,0
GWzDG$o&N9V,2
ubeibwn,0
Ttlvsmkz3,1
Sakvszjr1,1
udbrpnh,0
0512,0
62^dm6dKX82@mS,2
IUo9NgkY8$hm,2
admin64,0
Qzgtna4,1
qwerty48,0
Ixlln9,1
aklv,0
Arpfypxo0,1
rnT71BMsM!,2
Cdgq!nvUlSG640,2
bcjqfe,0
qwerty76,0
n^Xn*JUC3V$6rp,2
2jB@y1*IGrVTo4,2
4556,0
Mzb1YvG0PMk5#%,2
2$SJcGn@xcT,2
9HPE7Ma@@&%,2
txyq,0
Tvwub6,1
K&XY9Idevx#P!@,2
qwerty60,0
Mpybahro8,1
admin5,0
6971,0
oazus,0
5PI7K@EJgEbB,2
Yizeh6,1
ztne,0
&HS1q#Hapffb7,2
password43,0
Zcjit5,1
Fo2&U^#VRE3e,2
Clomugz2,1
qwerty16,0
Tsgyi9,1
cUYL%9%k@l5Ei,2
iswdhgo,0
password34,0
^o&MiFfc8XV,2
Xvluw9,1
qwerty56,0
qonql,0
welcome59,0
Xfhdxu9,1
Tznno9,1
Uthmqgr6,1
Kceqtu4,1
rAz9awGFF#X,2
1xFCXdhajC$L1@,2
Orzcey4,1
Vsvrbilb8,1
Ipphcg6,1
Fvxuoyc7,1
Pvqwzgw8,1
rn0bN1ph4#,2
qwerty19,0
admin78,0
@u4%bS$IBeA1z*,2
65877,0
MUCzH&k0oP65BU,2
qwerty69,0
m1@t!@p^rfSU,2
Idnvmp0,1
Bfjddkp9,1
Jjvuo5,1
Rchvzycc3,1
@mbyKXvqP!7u,2
Cvljags2,1
Mlvqrjmy0,1
Pcpmbzy4,1
m!&Zt8gpEUqh,2
622481,0
nzdcfr,0
Ecomhh8,1
F%7z65C!MJ&,2
letmein53,0
Zj&Bg&o1^HTC,2
admin91,0
Ybsan0,1
welcome2,0
Ftwxl3,1
Ddomk0,1
Rdsywn9,1
Zejestq6,1
Nnhrpwr5,1
kkntxlc,0
Cgcgeec1,1
FPPxA1*HglV,2
612366,0
wcnn,0
ZP%^1RsxEQxqW&,2
Jyjllqhd6,1
Lkkemzka6,1
11147,0
cpybhp,0
Dcupyfpg2,1
K1AgI@#3vD,2
Hyjaufmw0,1
3ji#1D*O4y,2
Ahasga8,1
1oWWSY%BZgujq,2
Wkl^rU3niD,2
Jqunrdf9,1
6v4ndJ^vVVw,2
g7*YzxV#rE@J0,2
@O05v4aWJ#,2
Ihtuqtqq7,1
RqI9r3Blc$a,2
vZajo0&C2U5n,2
dwZ!Ai!S29lm,2
@exp2iVZ@Kvjf,2
0119,0
Kktjfpp7,1
lpqo,0
!1HRIO$Cf2^Xf,2
U64TWuq*1G3E,2
d$yru8Rwi&ZgNF,2
1146,0
jDAp7O^eq3Xm,2
Uqkla1,1
7l8MoHW%n1V&,2
JMhi*HOLDja3x$,2
Zyqkmec2,1
660091,0
Mbbjoosk4,1
t$4UhnYknXy8HI,2
password4,0
xcjt,0
YvAuP4js^EsC,2
Wmbzih1,1
529103,0
Tgqbcg3,1
8j^@5gZ^EfNf,2
83jiP7Xr&xXO%$,2
Qlunuyt1,1
@$F!2&yTj#wKJ,2
50435,0
Whpzqtbb1,1
533896,0
789270,0
355570,0
Itgew0,1
1NBGx%jhaH,2
Ctatqoqa1,1
Cczgaiiv0,1
3743,0
qwerty12,0
RDSgrY0v^YD,2
9849,0
qwerty18,0
qwerty63,0
Tmxqqtk8,1
rSWBX8!sz!,2
3HVby84fIS&,2
Ntopf4,1
password81,0
45677,0
Dcealpru0,1
Rfl*z!ZZSJ6Wo,2
eiuIa3GwGK&^,2
rA*rH8sA4@A$,2
Hofbv3,1
Jjdmwnkm0,1
qwerty35,0
vqEsR7MoG#o,2
Izpqylpj2,1
x5A#&e26F3G^rZ,2
Bsmaayl1,1
gxzuxwk,0
zV5s#I^e7G8Md,2
tmaixwr,0
mHw@P#@GK2,2
80359,0
dO6HEWP16@n,2
3790,0
Wrrwx2,1
Rjgbnxat8,1
Kwiqs4,1
Arjiuie7,1
Acjyl0,1
Px1Sd$5HVjI5q,2
952849,0
qp7*NA6^bJr2i,2
KUO@3tQciqM8**,2
Ljxylmi7,1
isrth,0
fF8v#0qThp9,2
Ytmrkjs3,1
Kanxws8,1
vgmiwi,0
13^dRJCR#74po,2
489331,0
68666,0
Ozur%N*7lZO#,2
Tnmcj3,1
4HnM^IScpkx,2
n#guR2*94zY,2
Hrevcdxz4,1
letmein23,0
Alzzgunj5,1
Zzfydpau8,1
Nrhftopa5,1
611444,0
Amnkuf2,1
672291,0
Awhicsuk4,1
Tdkotx4,1
wqdk,0
bFmib^2OHs8,2
Qjiwyrc3,1
N&fHl9a#$tX89,2
Xrvrqrj9,1
suqdci,0
Nbagli7,1
Y@62m9KA1hc@,2
!4aF@bsX3OX1,2
welcome55,0
tznbenz,0
password17,0
Iopgmcwr8,1
EUb6!7vR&RiK0,2
2Vy6#QP!%p,2
Dbzise8,1
S7$t#Fo@U%#,2
6190,0
Wobwxu2,1
Opcslvl3,1
6637,0
Ajzcwko3,1
54x!Zrxh%MO,2
nZNZM2#OHbD,2
t5&P80QtJ!F,2
!k*2bzK6QKbSqA,2
Snhepd2,1
Isfczx2,1
qwerty99,0
eJdumAHE6SO62^,2
Kxwotl7,1
Wfkwdak3,1
55914,0
Bb$hIZ4KRHf9,2
Hr%cyLY5Vr,2
799440,0
Eqatdtpg6,1
3291,0
Qgmdrba0,1
180319,0
793480,0
0xiGlI!&miZ,2
Tfrsfvm2,1
Oriswdm2,1
Layhm1,1
Uadrrte2,1
yqtijcs,0
Svticn1,1
uztdrvn,0
Sgbefy3,1
zcrppq,0
JkTyu4db*2l0*,2
Vhjioqrv7,1
letmein26,0
lK8PN^f9yz,2
i%keV$X%yLka9@,2
$Y0eONzXHif4e,2
35892,0
Vo&L1rCa7#DA,2
f!ws**5QBX2,2
welcome17,0
709656,0
Hcpsukdt0,1
password17,0
Kyfhtc4,1
Ursicbg6,1
Fqwqpibd3,1
Pkyilfbo0,1
nmhl,0
Nrzzefnu0,1
58604,0
letmein59,0
23908,0
rrec,0
Prulkba6,1
5822,0
5HhRRzkl*y,2
Toqndwbp1,1
pdaup,0
Vwmeg4,1
NTFGvmNqI2@rP%,2
maffc,0
Rdkrewn7,1
uneqvg,0
5986,0
T$Z%ZrV2Z5*$,2
qwerty20,0
password7,0
letmein74,0
Ocmwsbs3,1
Dpggbsd6,1
Ljokkzvo7,1
@!VPj3O^S8tgF,2
higdxox,0
Abhflnua5,1
Birljnr1,1
574178,0
Fvrujen2,1
welcome99,0
8197,0
5754,0
CQgX@Jas1g,2
3661,0
Mxawwv0,1
k2tLP9*2g^,2
565045,0
6680,0
91874,0
Rrilk0,1
hQZybe0#*6Z,2
password88,0
letmein47,0
Hkkftxb6,1
Wphgtmsf2,1
!LL6YG&ud6,2
qwerty37,0
v8c6oAh@WwX,2
6gUubqBC%rS83&,2
A1W!#m9XksVu1Y,2
Ovhhf8,1
@AP8p7V%6x,2
Zjzhxg1,1
NH#5AiPlt#,2
vZp^WwGVkETqV9,2
gp5&kZFopF*#,2
qwerty84,0
Cywqx2,1
Pwgnp6,1
Kpqri4,1
welcome2,0
admin21,0
Kkzwqqcg6,1
6YmAKZ*3KO,2
Ehvkp9,1
Kgvvcg1,1
Lfefb3,1
Bymsyvp7,1
Lrodd4,1
2449,0
1C^RLOnKJ%tt&,2
welcome59,0
qwerty5,0
Btfksor4,1
Rlglkb6,1
frrnena,0
Lzcksevr4,1
22805,0
00682,0
u0d^k2ipV!qq,2
Mzrytse6,1
c1tu@1qNd5$t*k,2
admin78,0
1621,0
^5O7kFkPMB4I,2
Cummu0,1
eMk*kM*jdK0d,2
4890,0
3&4v@P$ZfH,2
lm*&vn54BNMd@,2
raadiu,0
Uafgw3,1
Qnncsl3,1
MYa9#4%V2Y,2
%ZlLL#Z7!x*Qc^,2
Itfaya1,1
Bilfdz6,1
Xmgac2,1
7tEvOGkn$&oD,2
Kbjpus7,1
Eibaf4,1
Wsfmca9,1
Iceoi2,1
Mavxl3,1
admin13,0
nyoomgv,0
Fuukhhlu9,1
696951,0
y*HCHAH7Zk,2
eqqskt,0
04420,0
2gI*N8NXw8lj,2
Mkszxli0,1
rv10SCrDI%,2
Pizdug9,1
Xzum#4o$hU,2
25328,0
Prxeo0,1
rj1MX3HZF@a,2
Sxpezjs5,1
^fpcZ0UF0LjFT,2
Vpfnimh8,1
PvCCiA8&qN9&Nh,2
$V7I32VDlkPYM,2
teigd,0
lxlbym,0
Fuebtkx6,1
651175,0
AoT&YzE5!@,2
mVWeqnf14lF@1J,2
Biuvmjbv8,1
0BBk5#K4ol4,2
qwerty51,0
gctvhcp,0
oKi0G*pwxX8R7^,2
Ukbcv0,1
letmein94,0
fgRq$oG8x2mlQq,2
admin63,0
password86,0
admin18,0
admin20,0
b*ufQ0$1zur,2
Oaaqbi8,1
4099,0
Cfsuea1,1
ZR%50W3Tt$X,2
0153,0
r37^nr3ISQZ,2
Pajejz4,1
Esjiwvq4,1
yYp4&j@k0B,2
9u$27yL39SDT,2
Blxjto1,1
BnHDgK!17u4#5,2
Vayvnzll8,1
welcome56,0
letmein70,0
q&5xR&Erk!Jp,2
TA8kMZ!Q0n#y1n,2
Aqigjvb8,1
0774,0
mEty@2z2C%ef^,2
ruH@yOueL3,2
npqt,0
prbza,0
Zvhmu2,1
hcwkvc,0
e7k&CUKWz@2Zf,2
Jzkqgizl0,1
Nmjvbq2,1
Iiweqlnw3,1
eDjSxE*qCSxO0n,2
hefnwd,0
nl9c1x1%7Q7Cv,2
Sccagf1,1
4766,0
19625,0
2779,0
Nllol7,1
ujrx,0
r6ZR7S&RAeZT,2
Cmaobxu2,1
Hohdclb4,1
#fBfx6ja6o@G%,2
b@Rc55V0mGu,2
mip1#y@^BWT,2
Psqkehqt3,1
admin1,0
531625,0
*XVZ#w9yI6H,2
qTc!i3tfA%,2
wdvdmw,0
Bnpszmg9,1
Vbgwl7,1
Kuhjc5,1
b2in#KYdeV#,2
xq%*Lmashw8cY,2
894125,0
Hwndh5,1
mygx,0
letmein21,0
Tqlnzli2,1
89hCkF!rP*,2
password34,0
Ccduqfwf5,1
u8i0QzpcP4!J,2
D67Ub@Mjq1,2
Buchevy8,1
uskcx,0
letmein36,0
Ltwpfotn9,1
pXHk^QV3PaQ1,2
120344,0
77371,0
0d&T6hP4$!9##,2
Svjmyy2,1
Cotjyr5,1
Ez51xi$J#qYu,2
Kbtmtzdv4,1
z&5aB&cHy4U,2
Oihrnx9,1
Qqsflzxp3,1
lf$O4sQqLQ,2
dsocqc,0
Mhtpk3,1
yiVs5OeIm*6h@H,2
74544,0
password41,0
6nb!uO0SNK2,2
1360,0
rdcu,0
XC0hEJ7Jh6T1@,2
ryaG!80@JA2d,2
Gagywgb7,1
Auygki5,1
Jwdwfd8,1
0OZh&S@kpXW,2
nV#95wao^8@u,2
Cxgtpkpv1,1
EYg%$#6V&S,2
W7*@0nzSVvZ,2
Xlaksoit5,1
woYgRi066L!$9$,2
Yjkxriow0,1
password1,0
Pqtfyhk6,1
Blfusymm7,1
admin4,0
965548,0
c2NPOeJGz%xG!,2
^XcgySS0x350jX,2
&FO&s!OvM7,2
XWzV0e^oU1,2
lfkb,0
letmein31,0
%4jyw7GI&1,2
wzH#1oeIxx,2
%FP@d5UNm6WAFt,2
nmBmr%3#9OC1R8,2
Ljzun8,1
qwerty38,0
Vlnhyt7,1
admin87,0
Hbqioyp2,1
Ofycc3,1
Iytmxby1,1
2799,0
password7,0
IN0Jfs#OYA,2
Fikhzm5,1
88XT7hrT^nM3D,2
Rmswwn3,1
liu@aPBH3YFn,2
*Icme0RZ!8%*,2
Scjmsobx2,1
Y*@$A51pT8E0pG,2
letmein52,0
4693,0
51725,0
gzm&960O*pR7,2
Jmufgd4,1
nsxjb,0
Egmyydo8,1
WI17Q^f0I4kw,2
Lrycqh8,1
!g6T#XZrz7t,2
Syp4fCWU^BxSN,2
oT!pdF$bjy7hn,2
prgbzgs,0
4!vhS^TLBo,2
Ldzjurt6,1
Sdhtq1,1
!cVGSH5mX%3$c,2
qwerty37,0
r^62E4GVL!f*D,2
^OogII2xU5$,2
Xanrcl8,1
v3sMgh1@O2vt$,2
!JfyysdM0^F,2
Koufqxrt9,1
admin22,0
Oaijd0,1
admin60,0
letmein2,0
Lpygmopk7,1
welcome39,0
Gfiyyp7,1
Nyaiv8,1
welcome15,0
